g2r15of,g2r30of,g2r45of,g2r60of,g2rof,s6r15of,s6r30of,s6r45of,s6r60of,s6rof,s7r30of,s7r60of,s7rof,s8r15of,s8r30of,s8r45of,s8r60of,s8rof,v4rof,v5rof
2.45633392583034,2.6427355437242,11.0045347105418,6.94085541650269,5.5185514940138,6.78945065033101,3.6763583794413,9.85314745270029,4.40807217061391,4.62074724471485,51.4711016627439,86.6824795623353,39.2549510612407,31.6342927113097,37.925110809181,47.8436146186368,61.4757551441153,54.6853870414921,4.22474530245522,4.5277685406239
