g10ren,g11ren,g12ren,g13ren,g9ren,s14ren,s15ren,s16ren
2.63726184239764,1.97872716897418,1.64811818870463,2.61036524894979,3.17582799611505,2.41795424679096,2.33654551253904,2.33346000797957
