g10ron,g11ron,g12ron,g13ron,g9ron,s14ron,s15ron,s16ron
3.35766942017135,1.83250494532068,4.81020257784668,4.14736443032562,2.72332130942049,1.80957287897507,1.50256246638936,3.37113708487692
