g1ref,g2ref,s6ref,s7ref,s8ref
5.58260791414089,1.36590688263944,4.32677083756701,9.85659842349047,8.17756501087915
