g1ron,g2ron,s6ron,s7ron,s8ron
2.1564396417964,1.81095122560468,4.84831712569784,1.61528110063167,2.21956528364824
