g10r15of,g10r30of,g10r45of,g10r60of,g10rof,g11r15of,g11r30of,g11r45of,g11r60of,g11rof,g12r15of,g12r30of,g12r45of,g12r60of,g12rof,g13r15of,g13r30of,g13r45of,g13r60of,g13rof,g9r15of,g9r30of,g9r45of,g9r60of,g9rof,s14r15of,s14r30of,s14r45of,s14r60of,s14rof,s15r15of,s15r30of,s15r45of,s15r60of,s15rof,s16r15of,s16r30of,s16r45of,s16r60of,s16rof
1.96941454558011,2.42046422553826,2.16885488483506,8.46748524812167,9.71690518608339,2.43000818287667,2.16537142646326,4.66939534205482,2.41148185052392,2.66927330699385,1.99611989558995,2.26969639942457,3.85719076164672,1.6228253797896,2.46050346871447,2.13386057547623,3.1691803395887,2.64409648642712,1.96920374529215,3.11257574314945,1.05917504364781,1.05805335075562,0.977206337477744,1.41096455882392,15.3439065243727,4.10067777613012,1.94541841325866,2.13030007834615,1.74536036067584,1.70829740719712,3.7030633135623,4.78056710945703,4.29931008013091,4.30658380546333,1.97449637138241,36.21569018013,4.4519291637465,8.18579136076955,54.1041549992469,6.15167222205783
