g1ren,g2ren,s6ren,s7ren,s8ren
2.64412971653942,3.85993912466388,1.85590118388144,1.6832720325655,1.76201232803588
